{"sections":{"main":{"type":"static-cart","settings":{"show_sku":false,"enable_order_notes":false,"enable_shipping_calc":true,"shipping_calc_default_country":"United States"}},"166932345025f1fde1":{"type":"apps","blocks":{"5bd98733-25cb-45c7-a3f6-d45a3eff5184":{"type":"shopify:\/\/apps\/shop\/blocks\/shop-pay-installments-banner\/7cab7c4a-1dfc-4b7e-8e53-31f104f2fa4e","settings":{"product":""}}},"block_order":["5bd98733-25cb-45c7-a3f6-d45a3eff5184"],"settings":{"include_padding":true}}},"order":["main","166932345025f1fde1"]}