{"sections":{"main":{"type":"static-collection","blocks":{"7f238221-85b8-4661-b533-3a50841cf745":{"type":"menu","settings":{"menu":"sidebar-menu-holotrout","show_prod_count":true,"menu_depth_range":3}}},"block_order":["7f238221-85b8-4661-b533-3a50841cf745"],"settings":{"show_collection_image":true,"products_per_page_range":24,"products_per_row":"4","sort_by":true,"grid_list":true,"default_view":"grid-view","enable_subcollection":true,"show_product_count":true,"thumbnail_image":"product-image","image_crop":"original"}},"16677306027314e604":{"type":"apps","settings":{"include_padding":true}},"static-recently-viewed":{"type":"static-recently-viewed","settings":{"enable_recently_viewed_products":true}}},"order":["main","16677306027314e604","static-recently-viewed"]}