{"sections":{"46495355-0690-4cf5-9b66-302ea8dee910":{"type":"dynamic-highlights-banner","blocks":{"template--16624279453927__46495355-0690-4cf5-9b66-302ea8dee910-16688896509488579d-0":{"type":"highlight","settings":{"icon":"icon-store","title":"Holotrout","text":"<p>Pokémon Shopping Platform<\/p>","link":"shopify:\/\/pages\/home"}}},"block_order":["template--16624279453927__46495355-0690-4cf5-9b66-302ea8dee910-16688896509488579d-0"],"settings":{"section_spacing":false,"section_width":"full-width","icon_layout":"center","color":"#ffffff","icon_color":"#ff0000","background_color":"{{ shop.brand.colors.primary[1].background }}","mobile_layout":"slider"}},"fe2cd3c4-aa23-40c6-94c2-f69a199b152e":{"type":"dynamic-logo-list","blocks":{"template--16655423209703__fe2cd3c4-aa23-40c6-94c2-f69a199b152e-16708256638c9dd829-0":{"type":"logo","settings":{"image":"shopify:\/\/shop_images\/843E4883-82F2-45BD-81B9-0CFF4519088E.jpg","link":"https:\/\/facebook.com\/holotrout\/shop"}},"template--16655423209703__fe2cd3c4-aa23-40c6-94c2-f69a199b152e-16708256638c9dd829-1":{"type":"logo","settings":{"image":"shopify:\/\/shop_images\/6432AA33-D0E7-4C82-974D-DA6DF03A6BEC.jpg","link":"https:\/\/instagram.com\/holotrout\/shop"}},"template--16655423209703__fe2cd3c4-aa23-40c6-94c2-f69a199b152e-16708256638c9dd829-2":{"type":"logo","settings":{"image":"shopify:\/\/shop_images\/FC7B97B5-9266-4D21-8304-429BA7D159AE.jpg","link":"https:\/\/tiktok.com\/@holotrout"}}},"block_order":["template--16655423209703__fe2cd3c4-aa23-40c6-94c2-f69a199b152e-16708256638c9dd829-0","template--16655423209703__fe2cd3c4-aa23-40c6-94c2-f69a199b152e-16708256638c9dd829-1","template--16655423209703__fe2cd3c4-aa23-40c6-94c2-f69a199b152e-16708256638c9dd829-2"],"settings":{"title":""}},"3374f982-af51-4c05-ba2f-c3b7df12d777":{"type":"dynamic-slideshow","blocks":{"template--16655423209703__3374f982-af51-4c05-ba2f-c3b7df12d777-1670827869424567e9-0":{"type":"slide","settings":{"background_image":"shopify:\/\/shop_images\/E910B062-06C7-4553-9AF7-6F9E026331EE.jpg","mobile_background_image":"shopify:\/\/shop_images\/E910B062-06C7-4553-9AF7-6F9E026331EE.jpg","title":"Holotrout","text":"","color":"#ffffff","link":"shopify:\/\/pages\/home","text_alignment":"center","button_one_label":"Pokémon Card Shop","button_one_link":"https:\/\/www.holotrout.com","button_one_style":"primary","button_two_label":"Products","button_two_link":"shopify:\/\/collections\/all","button_two_style":"secondary","show_overlay":true,"overlay_color":"#000000","overlay_opacity":6}}},"block_order":["template--16655423209703__3374f982-af51-4c05-ba2f-c3b7df12d777-1670827869424567e9-0"],"settings":{"enable_autoplay":true,"autoplay_duration":5,"slideshow_width":"full","slideshow_height":"medium","slideshow_height_mobile":"large","slideshow_text_below_image":true}},"a1eef945-88f9-41ba-a2c5-0aef1e10f4e8":{"type":"dynamic-featured-collection","blocks":{"98e6e00b-2769-4dbb-a585-f253b13b284b":{"type":"title_card","settings":{"horizontal_size":"2","vertical_size":"1","text_alignment":"top-center","pre_heading":"","heading":"2022 Silver Tempest","text_color":"#ffffff","cta_label":"Shop","overlay_color":"#000000","overlay_opacity":0}}},"block_order":["98e6e00b-2769-4dbb-a585-f253b13b284b"],"settings":{"title":"","layout":"slideshow","collection":"2022-silver-tempest","product_count":25,"cta_label":"","cta_button_style":"primary"}},"ef5357fa-ddcd-4bf3-8b1f-95ba5c5c227d":{"type":"dynamic-logo-list","blocks":{"template--16624279453927__ef5357fa-ddcd-4bf3-8b1f-95ba5c5c227d-1669364932657dd854-1":{"type":"logo","settings":{"image":"shopify:\/\/shop_images\/579496CF-51FC-4835-BC79-4880AE046400.png","link":"shopify:\/\/collections\/vmax"}},"template--16624279453927__ef5357fa-ddcd-4bf3-8b1f-95ba5c5c227d-1669364932657dd854-3":{"type":"logo","settings":{"image":"shopify:\/\/shop_images\/A4C6AFD4-D544-411F-A5FE-7613F06D74A2.png","link":"shopify:\/\/collections\/v"}},"template--16624279453927__ef5357fa-ddcd-4bf3-8b1f-95ba5c5c227d-1669364932657dd854-0":{"type":"logo","settings":{"image":"shopify:\/\/shop_images\/7CC50B52-27F2-43E1-B159-DFD91DEF3EC1.png","link":"shopify:\/\/collections\/ex-cards"}},"template--16624279453927__ef5357fa-ddcd-4bf3-8b1f-95ba5c5c227d-1669364932657dd854-2":{"type":"logo","settings":{"image":"shopify:\/\/shop_images\/3A0577A2-3F5B-4E59-BB98-1E3F0165AE06.png","link":"shopify:\/\/collections\/full-art-v"}},"6a0e4bf0-9455-4fe0-ae18-63ec1f8bf22a":{"type":"logo","settings":{"image":"shopify:\/\/shop_images\/54A97DB9-223A-41B3-ACCB-7E326D7CC80F.png","link":"shopify:\/\/collections\/trainers"}},"f78fe267-0cfd-4655-b230-d68696ba265e":{"type":"logo","settings":{"image":"shopify:\/\/shop_images\/24EF8A67-1FC0-4CCF-BBDE-5448B430BE21.png","link":"shopify:\/\/collections\/vstar-1"}}},"block_order":["template--16624279453927__ef5357fa-ddcd-4bf3-8b1f-95ba5c5c227d-1669364932657dd854-1","template--16624279453927__ef5357fa-ddcd-4bf3-8b1f-95ba5c5c227d-1669364932657dd854-3","template--16624279453927__ef5357fa-ddcd-4bf3-8b1f-95ba5c5c227d-1669364932657dd854-0","template--16624279453927__ef5357fa-ddcd-4bf3-8b1f-95ba5c5c227d-1669364932657dd854-2","6a0e4bf0-9455-4fe0-ae18-63ec1f8bf22a","f78fe267-0cfd-4655-b230-d68696ba265e"],"settings":{"title":"Shop ~> Pokémon Cards"}},"8cfa7414-c74e-41ad-a0f7-2498b604de3c":{"type":"dynamic-logo-list","blocks":{"template--16624279453927__8cfa7414-c74e-41ad-a0f7-2498b604de3c-166905280047c1cc9f-1":{"type":"logo","settings":{"image":"shopify:\/\/shop_images\/33A411FC-142B-471B-AABF-5891F88FC6AB.png","link":"shopify:\/\/collections\/2022-lost-origin"}},"template--16624279453927__8cfa7414-c74e-41ad-a0f7-2498b604de3c-166905280047c1cc9f-2":{"type":"logo","settings":{"image":"shopify:\/\/shop_images\/EC89E33B-FBD9-4255-B057-FCC5F59EF960.png","link":"shopify:\/\/collections\/2022-astral-radiance"}},"template--16624279453927__8cfa7414-c74e-41ad-a0f7-2498b604de3c-166905280047c1cc9f-3":{"type":"logo","settings":{"image":"shopify:\/\/shop_images\/30545787-A59C-4AAB-8AFB-496399DD312C.png","link":"shopify:\/\/collections\/2022-pokemon-go-set"}},"30dda993-a2ab-459f-ad09-a42353d961fb":{"type":"logo","settings":{"image":"shopify:\/\/shop_images\/F443AB8B-76BB-4D75-89A4-573F78E1A51B.png","link":"shopify:\/\/collections\/vstar"}},"efdc3b16-2557-40ee-b06c-f1ddc536cf7e":{"type":"logo","settings":{"link":"shopify:\/\/collections\/2021-celebrations"}},"b762c816-5c91-4af5-9549-9a5fd6b961e9":{"type":"logo","settings":{"link":"shopify:\/\/collections\/2022-silver-tempest"}},"dfef318b-5c49-4153-ac4a-cc092c45d2cd":{"type":"logo","settings":{"link":"shopify:\/\/collections\/2005-6-ex-delta-species"}},"de23ced7-e709-4ced-aa58-b0a9411e225a":{"type":"logo","settings":{"link":"shopify:\/\/collections\/diamond-and-pearl"}},"daec76de-a582-46d0-aff8-14d7df7e4c48":{"type":"logo","settings":{"link":"shopify:\/\/collections\/1999-wotc-cards"}}},"block_order":["template--16624279453927__8cfa7414-c74e-41ad-a0f7-2498b604de3c-166905280047c1cc9f-1","template--16624279453927__8cfa7414-c74e-41ad-a0f7-2498b604de3c-166905280047c1cc9f-2","template--16624279453927__8cfa7414-c74e-41ad-a0f7-2498b604de3c-166905280047c1cc9f-3","30dda993-a2ab-459f-ad09-a42353d961fb","efdc3b16-2557-40ee-b06c-f1ddc536cf7e","b762c816-5c91-4af5-9549-9a5fd6b961e9","dfef318b-5c49-4153-ac4a-cc092c45d2cd","de23ced7-e709-4ced-aa58-b0a9411e225a","daec76de-a582-46d0-aff8-14d7df7e4c48"],"settings":{"title":""}},"6ce4ff9c-8727-4ead-bc9b-556c47259c38":{"type":"dynamic-promo-grid","blocks":{"template--16624279453927__6ce4ff9c-8727-4ead-bc9b-556c47259c38-167015425664ecae41-1":{"type":"promotion","settings":{"background_position":"center-center","title":"Cradily","text":"","color":"#ffffff","block_link":"shopify:\/\/products\/cradily-delta-species-2-110","button_text":"Buy Now","button_style":"primary","show_overlay":false,"background":"#000000","opacity":14}},"template--16624279453927__6ce4ff9c-8727-4ead-bc9b-556c47259c38-167015425664ecae41-2":{"type":"promotion","settings":{"background_position":"center-center","title":"Gallade","text":"","color":"#ffffff","block_link":"shopify:\/\/products\/gallade-6-132-w-swirl-holo-bleed","button_text":"Buy Now","button_style":"primary","show_overlay":false,"background":"#000000","opacity":26}},"template--16624279453927__6ce4ff9c-8727-4ead-bc9b-556c47259c38-167015425664ecae41-3":{"type":"promotion","settings":{"background_position":"center-center","title":"Lugia","text":"","color":"#ffffff","block_link":"shopify:\/\/products\/lugia-14-132-holo-2007-pokemon-card-w-swirls-holo-bleed","button_text":"Buy Now","button_style":"primary","show_overlay":false,"background":"#000000","opacity":27}},"011fd4d2-9a12-4f03-8380-9d00a10cc2a1":{"type":"promotion","settings":{"background_position":"center-center","title":"Exeggutor","text":"","color":"#ffffff","block_link":"shopify:\/\/products\/exeggutor-2004-holo-w-swirl","button_text":"Buy Now","button_style":"primary","show_overlay":false,"background":"#000000","opacity":28}}},"block_order":["template--16624279453927__6ce4ff9c-8727-4ead-bc9b-556c47259c38-167015425664ecae41-1","template--16624279453927__6ce4ff9c-8727-4ead-bc9b-556c47259c38-167015425664ecae41-2","template--16624279453927__6ce4ff9c-8727-4ead-bc9b-556c47259c38-167015425664ecae41-3","011fd4d2-9a12-4f03-8380-9d00a10cc2a1"],"settings":{"title":"","section_height":"natural","section_columns":2,"text_alignment":"top-left"}},"e51a7c18-37d0-45c2-917f-97c7e590c471":{"type":"dynamic-custom-liquid","settings":{"custom_liquid":"<div data-mc-src=\"8fe62ee7-5c2e-497d-8981-00acc446bcc8#instagram\"><\/div>\n        \n<script \n  src=\"https:\/\/cdn2.woxo.tech\/a.js#6380781ebb50f271fba124c4\" \n  async data-usrc>\n<\/script>, <div data-mc-src=\"3fd26138-7983-4f3f-b5f7-343fc90fcb0a#tiktok\"><\/div>\n        \n<script \n  src=\"https:\/\/cdn2.woxo.tech\/a.js#6380781ebb50f271fba124c4\" \n  async data-usrc>\n<\/script>"}},"16665093208a13bef8":{"type":"apps","settings":{"include_padding":true}}},"order":["46495355-0690-4cf5-9b66-302ea8dee910","fe2cd3c4-aa23-40c6-94c2-f69a199b152e","3374f982-af51-4c05-ba2f-c3b7df12d777","a1eef945-88f9-41ba-a2c5-0aef1e10f4e8","ef5357fa-ddcd-4bf3-8b1f-95ba5c5c227d","8cfa7414-c74e-41ad-a0f7-2498b604de3c","6ce4ff9c-8727-4ead-bc9b-556c47259c38","e51a7c18-37d0-45c2-917f-97c7e590c471","16665093208a13bef8"]}