{"sections":{"e61048d7-54ce-4834-a568-1fcac912a262":{"type":"dynamic-search","settings":{"title":"","text":"","placeholder":"What are you looking for?","filter_search_by":"tag","enable_live_search":true,"enable_live_search_images":true,"enable_live_search_articles_pages":true,"image":"shopify:\/\/shop_images\/98690BB4-0D96-4FB7-B480-F7EDFC8544D0.png","position":"center-center","show-overlay":true,"color":"#ffffff","background":"#000000","opacity":10}},"main":{"type":"static-list-collections","settings":{"thumbnail_columns_desktop":6,"thumbnail_columns_mobile":3,"image-crop":"original"}},"fb24d884-8bdd-4c36-ad48-b26f09f67f9c":{"type":"dynamic-promo-mosaic","blocks":{"template--16624279486695__fb24d884-8bdd-4c36-ad48-b26f09f67f9c-16701329211fe69da3-1":{"type":"promotion","settings":{"image":"shopify:\/\/shop_images\/A8B3BF86-B101-4BC8-B1D8-ABDF008EAACA.jpg","title":"","text":"","color":"#4d4d4d","block_link":"shopify:\/\/products\/2005-lugia-ex-105-115-holo-pokemon-card-2-2","button_text":"","button_style":"primary","show_overlay":false,"background":"","opacity":50}}},"block_order":["template--16624279486695__fb24d884-8bdd-4c36-ad48-b26f09f67f9c-16701329211fe69da3-1"],"settings":{"title":"","section_height":"small","text_alignment":"top-left","maintain_aspect_ratio":true,"compress_blocks":true}},"3a1921d5-3031-4999-a824-8fc8580bfcda":{"type":"dynamic-featured-collection","settings":{"title":"Modern Pokémon Cards","layout":"slideshow","collection":"modern-pokemon-cards","product_count":25,"cta_label":"~> Shop","cta_button_style":"primary"}},"1598ff39-c929-4844-937d-f1358293a85e":{"type":"dynamic-featured-collection","settings":{"title":"Vintage Pokémon Cards","layout":"slideshow","collection":"1999-base-set-cards","product_count":25,"cta_label":"~> Shop","cta_button_style":"primary"}},"a713af1d-7aeb-4042-b535-e3f045f25077":{"type":"dynamic-featured-collection","settings":{"title":"Clothing and Accessories","layout":"slideshow","collection":"pokemon-clothing-accessories","product_count":25,"cta_label":"~> Shop","cta_button_style":"primary"}},"d1f55e3b-6dad-400f-b210-7175f6c41e5e":{"type":"dynamic-featured-collection","settings":{"title":"Card Protection & Storage","layout":"slideshow","collection":"card-protection-storage","product_count":25,"cta_label":"~> Shop","cta_button_style":"primary"}},"d168ff57-c096-4bf3-b58b-ee6fb0956cc3":{"type":"dynamic-featured-collection","settings":{"title":"Pokeémon Toys, Animals & Action Figures","layout":"slideshow","collection":"pokemon-toys-plush-animals","product_count":25,"cta_label":"~> Shop","cta_button_style":"primary"}}},"order":["e61048d7-54ce-4834-a568-1fcac912a262","main","fb24d884-8bdd-4c36-ad48-b26f09f67f9c","3a1921d5-3031-4999-a824-8fc8580bfcda","1598ff39-c929-4844-937d-f1358293a85e","a713af1d-7aeb-4042-b535-e3f045f25077","d1f55e3b-6dad-400f-b210-7175f6c41e5e","d168ff57-c096-4bf3-b58b-ee6fb0956cc3"]}