{"sections":{"main":{"type":"static-product","blocks":{"title":{"type":"title","settings":{}},"vendor":{"type":"vendor","settings":{}},"rating":{"type":"rating","settings":{}},"price":{"type":"price","settings":{}},"description":{"type":"description","settings":{}},"form":{"type":"form","settings":{"enable_local_pickup":true}},"share":{"type":"share","settings":{}},"b373fb6e-9f53-4e60-9244-a4f8de54cfca":{"type":"shopify:\/\/apps\/shop\/blocks\/shop-pay-installments-banner\/7cab7c4a-1dfc-4b7e-8e53-31f104f2fa4e","settings":{"product":"{{product}}"}}},"block_order":["title","vendor","rating","price","description","form","share","b373fb6e-9f53-4e60-9244-a4f8de54cfca"],"settings":{"gallery_aspect_ratio":"natural","gallery_image_crop":false,"gallery_thumbnail_position":"below","gallery_video_autoplay":true,"gallery_video_looping":true,"gallery_hover_zoom":"disabled","gallery_click_to_zoom":"always"}},"recommendations":{"type":"static-product-recommendations","settings":{"show_product_recommendations":true,"product_recommendations_heading":"Reccommended"}},"recently-viewed":{"type":"static-recently-viewed","settings":{"enable_recently_viewed_products":true}},"loox-product-reviews-app-section":{"type":"apps","settings":{"include_padding":true}},"16711842723020881d":{"type":"apps","blocks":{"9632a6c7-3312-41a0-a78e-f380df4a4e48":{"type":"shopify:\/\/apps\/shop\/blocks\/shop-pay-installments-banner\/7cab7c4a-1dfc-4b7e-8e53-31f104f2fa4e","settings":{"product":"{{product}}"}}},"block_order":["9632a6c7-3312-41a0-a78e-f380df4a4e48"],"settings":{"include_padding":true}}},"order":["main","recommendations","recently-viewed","loox-product-reviews-app-section","16711842723020881d"]}