{"sections":{"d3cd4611-ea64-4f26-a46d-cce3299d8b51":{"type":"dynamic-menu-list","blocks":{"template--16182186967271__d3cd4611-ea64-4f26-a46d-cce3299d8b51-1665502638173c3b93-0":{"type":"menu","settings":{"menu":"sidebar-menu-holotrout","image":"shopify:\/\/shop_images\/81A86FCC-2DAB-4E39-B728-84E488E4020F.png"}},"template--16182186967271__d3cd4611-ea64-4f26-a46d-cce3299d8b51-1665502638173c3b93-1":{"type":"menu","settings":{"menu":"pok-mon-i-d","image":"shopify:\/\/shop_images\/9DFD46D3-576B-4410-AEC4-19453AA1962B.png"}}},"block_order":["template--16182186967271__d3cd4611-ea64-4f26-a46d-cce3299d8b51-1665502638173c3b93-0","template--16182186967271__d3cd4611-ea64-4f26-a46d-cce3299d8b51-1665502638173c3b93-1"],"settings":{"title":"Menu list"}},"main":{"type":"static-search","blocks":{"filter-1":{"type":"filter","settings":{"filter_groups":"expand_all","show_filter_product_count":true}}},"block_order":["filter-1"],"settings":{"results_per_page_range":48,"products_per_row":"4","enable_search_articles_pages":true}}},"order":["d3cd4611-ea64-4f26-a46d-cce3299d8b51","main"]}